deep_score,deep_class,micro_score_anger,micro_score_disgust,micro_score_fear,micro_score_happiness,micro_score_sadness,micro_score_surprise,micro_class,fusion_label
0.8187,0,0.0005530000198632,0.9890999794006348,0.0008229999803006,0.0003159999905619,0.0010539999930188,0.0081529999151825,1,LIVE
0.8847,0,0.9235140085220336,0.0029849999118596,0.0065779997967183,0.0568719990551471,0.0038089998997747,0.0062420000322163,0,LIVE
0.7979,0,0.0003629999991971,0.9946929812431335,0.0010570000158622,0.0002149999927496,0.0004590000025928,0.0032120000105351,1,LIVE
0.9231,0,0.0209369994699955,0.0180350001901388,0.0800869986414909,0.0303990002721548,0.0441799983382225,0.8063610196113586,5,LIVE
0.8705,0,0.0003039999864995,0.9925379753112792,0.0005070000188425,0.0003940000024158,0.0010049999691545,0.0052519999444484,1,LIVE
0.8357,0,0.0161290001124143,0.706404983997345,0.0111360000446438,0.0087959999218583,0.2047770023345947,0.0527580007910728,1,LIVE
0.8416,0,0.0006450000219047,0.9768540263175964,0.0009250000002793,0.0010629999451339,0.0024820000398904,0.0180309992283582,1,LIVE
0.9296,0,0.0012499999720603,0.9881839752197266,0.0016540000215172,0.001010000007227,0.0017359999474138,0.0061650001443922,1,LIVE
0.8833,0,0.0960969999432563,0.5333729982376099,0.0135300001129508,0.0513730011880397,0.0676359981298446,0.2379920035600662,1,LIVE
0.8441,0,0.0011340000201016,0.9886599779129028,0.0006569999968633,0.0006319999811239,0.0014710000250488,0.0074450001120567,1,LIVE
0.8229,0,0.0005089999758638,0.9854779839515686,0.0018119999440386,0.0006960000027902,0.0012260000221431,0.0102800000458955,1,LIVE
0.8791,0,0.0002830000012181,0.9956200122833252,0.0004729999927803,0.0001449999981559,0.0004140000091865,0.0030640000477433,1,LIVE
0.7652,0,0.0002779999922495,0.995395004749298,0.0005680000176653,0.0001420000044163,0.0004170000029262,0.0031999999191612,1,LIVE
0.8492,0,0.0006760000251233,0.9809669852256776,0.0023580000270158,0.000555999984499,0.0011889999732375,0.0142550002783536,1,LIVE
0.8638,0,0.0019280000124126,0.9762539863586426,0.0011530000483617,0.0015660000499337,0.003398000029847,0.0157009996473789,1,LIVE
0.8399,0,0.0218349993228912,0.9163359999656676,0.0084330001845955,0.0052200001664459,0.0105269998311996,0.0376500003039836,1,LIVE
0.8577,0,0.00583800021559,0.1033520027995109,0.0082539999857544,0.1799329966306686,0.0096330000087618,0.6929910182952881,5,LIVE
0.8746,0,0.0001699999993434,0.9963849782943726,0.0002579999854788,0.0002070000045932,0.0006339999963529,0.0023449999280273,1,LIVE
0.7969,0,0.0003619999915827,0.9923110008239746,0.0002800000074785,0.0004199999966658,0.0011549999471753,0.005470999982208,1,LIVE
0.787,0,0.0019789999350905,0.9776840209960938,0.0015429999912157,0.0103869996964931,0.0026430001016706,0.0057640001177787,1,LIVE
0.8785,0,0.0014390000142157,0.9753130078315736,0.0043799998238682,0.0059009999968111,0.0023550000041723,0.0106119997799396,1,LIVE
0.6931,0,0.0002709999971557,0.9967600107192992,0.0002340000064577,0.0001150000025518,0.0001970000012079,0.002422000048682,1,LIVE
0.8594,0,0.0005779999773949,0.9615399837493896,0.0039300001226365,0.0036820000968873,0.0013160000089555,0.0289539992809295,1,LIVE
0.9099,0,0.4102680087089538,0.0215489994734525,0.0073239998891949,0.4823459982872009,0.0137029998004436,0.064810000360012,3,LIVE
0.9168,0,0.0001300000003539,0.9951220154762268,0.0002160000003641,9.300000237999484e-05,0.0002240000030724,0.0042159999720752,1,LIVE
0.8016,0,0.0226269997656345,0.0104759996756911,0.0047439998015761,0.9422289729118348,0.0051569999195635,0.0147660002112388,3,LIVE
0.6255,0,0.0001760000013746,0.9891790151596068,0.000224999996135,0.0003950000100303,0.0010089999996125,0.0090159997344017,1,LIVE
0.7492,0,0.000806999974884,0.939182996749878,0.0030080000869929,0.0042539997957646,0.0026940000243484,0.0500530004501342,1,LIVE
0.8392,0,0.0045650000683963,0.6998239755630493,0.0115050002932548,0.0261889994144439,0.0093909995630383,0.2485260069370269,1,LIVE
0.8183,0,0.0012319999514147,0.9652259945869446,0.002430000109598,0.0015620000194758,0.0021389999892562,0.0274119991809129,1,LIVE
0.7524,0,0.0002669999958015,0.9972890019416808,0.0002969999914057,0.0005050000036135,0.0005830000154674,0.0010600000387057,1,LIVE
0.8222,0,0.000201000002562,0.9852880239486694,0.0002929999900516,0.0003190000134054,0.0012219999916851,0.0126759996637701,1,LIVE
0.6745,0,0.0043190000578761,0.9715020060539246,0.0012339999666437,0.0017490000464022,0.0042389999143779,0.0169590003788471,1,LIVE
0.7345,0,0.0005130000063218,0.9609299898147584,0.0009169999975711,0.0007960000075399,0.0027880000416189,0.0340560004115104,1,LIVE
0.8165,0,0.0974029973149299,0.7726479768753052,0.0079709999263286,0.0157689992338418,0.0313359983265399,0.074872002005577,1,LIVE
0.6857,0,0.0001380000030621,0.9837470054626464,0.0002629999944474,0.0002749999985098,0.0010359999723732,0.0145410001277923,1,LIVE
0.7621,0,0.0115400003269314,0.9304919838905334,0.0031649998854845,0.0047189998440444,0.0103270001709461,0.0397569984197616,1,LIVE
0.7217,0,0.0009689999860711,0.9287430047988892,0.0026529999449849,0.0065649999305605,0.0030680000782012,0.0580010004341602,1,LIVE
0.6396,0,0.0336290001869201,0.7191969752311707,0.0070079998113214,0.0109810000285506,0.0119650000706315,0.2172189950942993,1,LIVE
0.7132,0,0.0012349999742582,0.98573499917984,0.0032899999059736,0.0006799999973736,0.0013689999468624,0.0076910001225769,1,LIVE
0.8769,0,0.0042519997805356,0.9098150134086608,0.002600000007078,0.0044570001773536,0.0047300001606345,0.074144996702671,1,LIVE
0.8026,0,0.0004419999895617,0.9957320094108582,0.0004980000085197,0.0007600000244565,0.0009730000165291,0.0015940000303089,1,LIVE
0.7308,0,0.0001939999929163,0.9874640107154846,0.0009289999725297,0.0014110000338405,0.000813000020571,0.0091880001127719,1,LIVE
0.7833,0,0.0062750000506639,0.9401580095291138,0.0061309998854994,0.0311600007116794,0.0054339999333024,0.0108430003747344,1,LIVE
0.8768,0,0.0002899999963119,0.9926390051841736,0.0008050000178627,0.0012479999568313,0.0007580000092275,0.0042599998414516,1,LIVE
0.7001,0,0.0003279999946244,0.9930049777030944,0.0003060000017285,0.0003990000113844,0.0009730000165291,0.0049899998120963,1,LIVE
0.7592,0,0.000413000001572,0.9935320019721984,0.0003900000010617,0.0002200000017182,0.00047599998652,0.0049680001102387,1,LIVE
0.6759,0,0.000224999996135,0.997622013092041,0.0001720000000204,9.100000170292331e-05,0.0002099999983329,0.0016799999866634,1,LIVE
0.8761,0,0.0005349999992176,0.9940750002861024,0.0004609999887179,0.0002589999930933,0.0005300000193528,0.0041390000842511,1,LIVE
0.7084,0,0.0004729999927803,0.9950079917907716,0.0003940000024158,0.0002160000003641,0.0004640000115614,0.0034449999220669,1,LIVE
0.6947,0,0.0004949999856762,0.9948570132255554,0.0002189999941037,0.0001500000071246,0.000384999992093,0.0038940000813454,1,LIVE
0.8504,0,0.0007719999994151,0.9632949829101562,0.0010519999777898,0.0009640000062063,0.0010819999733939,0.0328340008854866,1,LIVE
0.7998,0,0.0012839999981224,0.948601007461548,0.0015239999629557,0.0012420000275596,0.0014130000490695,0.0459359996020793,1,LIVE
0.7596,0,0.0002779999922495,0.997061014175415,0.0003209999995306,0.0005719999899156,0.000441000011051,0.0013259999686852,1,LIVE
0.8201,0,0.0057419999502599,0.0055370000191032,0.0039320001378655,0.9353610277175904,0.0022450000979006,0.0471829995512962,3,LIVE
0.7849,0,0.984969973564148,0.0053340001031756,0.0048299999907612,0.0023159999400377,0.0018339999951422,0.0007159999804571,0,LIVE
0.7131,0,0.9800909757614136,0.0052689998410642,0.0054159997962415,0.005032000131905,0.0028850000817328,0.0013079999480396,0,LIVE
0.6582,0,0.1177159994840622,0.0487129986286163,0.7219470143318176,0.0147789996117353,0.0165020003914833,0.0803430005908012,2,LIVE
0.7315,0,0.1219559982419014,0.0390859991312027,0.0320309996604919,0.6777080297470093,0.0153550002723932,0.1138639971613884,3,LIVE
0.5631,0,0.9446759819984436,0.0099120000377297,0.0110600003972649,0.0226370003074407,0.007141999900341,0.0045750001445412,0,LIVE
0.8145,0,0.0154750002548098,0.0067460001446306,0.8716470003128052,0.0162930004298686,0.0046560000628232,0.0851830020546913,2,LIVE
0.7451,0,0.9773560166358948,0.0013569999719038,0.0052769999019801,0.0113580003380775,0.0016969999996945,0.0029559999238699,0,LIVE
0.7917,0,0.986702024936676,0.0013030000263825,0.00299399998039,0.0060100001282989,0.0012949999654665,0.00169599999208,0,LIVE
0.754,0,0.9778199791908264,0.0013419999741017,0.0038890000432729,0.013829999603331,0.0015320000238716,0.0015869999770075,0,LIVE
0.8536,0,0.8829230070114136,0.0291130002588033,0.026410000398755,0.0237600002437829,0.019752999767661,0.0180409997701644,0,LIVE
0.7057,0,0.9920259714126588,0.0025450000539422,0.0010580000234767,0.0032140000257641,0.000555999984499,0.0006009999779053,0,LIVE
0.7766,0,0.9790210127830504,0.0024520000442862,0.0089180003851652,0.0046529998071491,0.002371999900788,0.0025839998852461,0,LIVE
0.7173,0,0.4119659960269928,0.109094999730587,0.1024489998817443,0.1373530030250549,0.0755980014801025,0.1635390073060989,0,LIVE
0.8373,0,0.8664680123329163,0.025875000283122,0.0650229975581169,0.0165580008178949,0.0157450009137392,0.010331000201404,0,LIVE
0.7477,0,0.8913009762763977,0.0044669997878372,0.0175090003758668,0.0270969998091459,0.0076129999943077,0.0520140007138252,0,LIVE
0.7808,0,0.265744000673294,0.0675659999251365,0.5300499796867371,0.0134450001642107,0.0166590008884668,0.1065360009670257,2,LIVE
0.8611,0,0.8916940093040466,0.0274119991809129,0.0500739999115467,0.0130949998274445,0.0116349998861551,0.0060899998061358,0,LIVE
0.7231,0,0.0528060011565685,0.8115890026092529,0.0142909996211528,0.0555460005998611,0.0303320009261369,0.035436000674963,1,LIVE
0.8568,0,0.992438018321991,0.001215000054799,0.0014560000272467,0.0034020000603049,0.0007329999934881,0.000754999986384,0,LIVE
0.9116,0,0.8469420075416565,0.0066700000315904,0.0281390007585287,0.0830919966101646,0.0102789998054504,0.0248780008405447,0,LIVE
0.6954,0,0.9696339964866638,0.0033170001115649,0.0063849999569356,0.013082000426948,0.0028899998869746,0.0046930001117289,0,LIVE
0.7421,0,0.0097230002284049,0.0058019999414682,0.0076540000736713,0.0599999986588954,0.0068399999290704,0.9099810123443604,5,LIVE
0.8206,0,0.2704750001430511,0.4705379903316498,0.0117389997467398,0.0348390005528926,0.0202639997005462,0.1921450048685073,1,LIVE
0.7448,0,0.9050830006599426,0.0388230010867118,0.0114909997209906,0.0162429995834827,0.0152359995990991,0.0131240002810955,0,LIVE
0.8192,0,0.0548480004072189,0.0286679994314908,0.6659430265426636,0.0167149994522333,0.0120289996266365,0.2217970043420791,2,LIVE
0.8459,0,0.7200170159339905,0.0059589999727904,0.0232560001313686,0.0854170024394989,0.0115710003301501,0.153779000043869,0,LIVE
0.8422,0,0.0033629999961704,0.003622000105679,0.0039510000497102,0.0097270002588629,0.0034149999264627,0.9759230017662048,5,LIVE
0.6224,0,0.0203339997678995,0.055587999522686,0.1545339971780777,0.0121020004153251,0.0138940000906586,0.7435489892959595,5,LIVE
0.8394,0,0.0048779998905956,0.0023199999704957,0.004590000025928,0.012614999897778,0.0035949999000877,0.972001016139984,5,LIVE
0.8543,0,0.0037829999346286,0.002513000043109,0.0030950000509619,0.0096239997074007,0.0030539999715983,0.977931022644043,5,LIVE
0.7947,0,0.0011680000461637,0.0135019998997449,0.0035220000427216,0.0085669998079538,0.004325000103563,0.9689159989356996,5,LIVE
0.8905,0,0.0292530003935098,0.108194999396801,0.0131090003997087,0.797914981842041,0.0116290003061294,0.0399000011384487,3,LIVE
0.7367,0,0.3926819860935211,0.0153390001505613,0.0138199999928474,0.321289986371994,0.0228429995477199,0.2340259999036789,0,LIVE
0.8233,0,0.0005510000046342,0.98260098695755,0.0022479998879134,0.000904000014998,0.0011020000092685,0.0125940004363656,1,LIVE
0.6772,0,0.0005810000002384,0.0036689999978989,0.0014669999945908,0.0455899983644485,0.0010300000431016,0.9476630091667176,5,LIVE
0.8649,0,0.0022289999760687,0.0112239997833967,0.0036150000523775,0.0071290000341832,0.0027290000580251,0.9730730056762696,5,LIVE
0.8903,0,0.002155999885872,0.012182000093162,0.0037279999814927,0.0067509999498724,0.0027640000917017,0.9724199771881104,5,LIVE
0.7109,0,0.0003560000041034,0.0014789999695494,0.0010529999854043,0.0013150000013411,0.0009670000290498,0.9948300123214722,5,LIVE
0.6226,0,0.0016740000573918,0.0032230000942945,0.0035429999697953,0.0039880000986158,0.0026360000483691,0.9849349856376648,5,LIVE
0.8805,0,0.0045019998215138,0.0071519999764859,0.0078969998285174,0.6757739782333374,0.0034769999329,0.3012000024318695,3,LIVE
0.6775,0,0.0031089999247342,0.0042730001732707,0.0050519998185336,0.0234999991953372,0.0039869998581707,0.9600790143013,5,LIVE
0.6537,0,0.6117630004882812,0.1150709986686706,0.0253199990838766,0.1935970038175583,0.0338639989495277,0.0203850008547306,0,LIVE
0.5844,0,0.0002840000088326,0.0033420000690966,0.0020540000405162,0.0120320003479719,0.0004469999985303,0.9818410277366638,5,LIVE
0.666,0,0.0011940000113099,0.0015089999651536,0.0087909996509552,0.0043509998358786,0.0016349999932572,0.9825199842453004,5,LIVE
0.6069,0,0.0025039999745786,0.0061559998430311,0.0062970002181828,0.0165439993143081,0.0045750001445412,0.963923990726471,5,LIVE
0.062,0,0.0008360000210814,0.006794000044465,0.0014750000555068,0.005917000118643,0.0014420000370591,0.9835370182991028,5,SPOOF
0.1344,0,0.0060720001347362,0.0334010012447834,0.0040049999952316,0.0078959995880723,0.0049729999154806,0.9436529874801636,5,SPOOF
0.0314,0,0.0214770007878541,0.0282060001045465,0.0128440000116825,0.0881420001387596,0.0182690005749464,0.8310620188713074,5,SPOOF
0.0092,0,0.0019229999743402,0.0017839999636635,0.0044040000066161,0.0088029997423291,0.0022330000065267,0.9808530211448668,5,SPOOF
0.0365,0,0.0099170003086328,0.0276670008897781,0.0306349992752075,0.0171399991959333,0.0771659985184669,0.83747398853302,5,SPOOF
0.1331,0,0.0076720002107322,0.1207159981131553,0.0054580001160502,0.042943000793457,0.0187599994242191,0.8044499754905701,5,SPOOF
0.1661,0,0.0004170000029262,0.0035860000643879,0.0013899999903514,0.0233299992978572,0.0013050000416114,0.9699730277061462,5,SPOOF
0.0814,0,0.0001360000023851,0.0031649998854845,0.000609999988228,0.0107789998874068,0.0005789999850094,0.9847310185432434,5,SPOOF
0.3999,0,0.0114430002868175,0.585237979888916,0.0168529991060495,0.1631799936294555,0.0183460004627704,0.204938992857933,1,SPOOF
0.0907,0,0.0009089999948628,0.0036539998836815,0.0010799999581649,0.0157689992338418,0.0018279999494552,0.976760983467102,5,SPOOF
0.0903,0,0.0217460002750158,0.0519509986042976,0.0287040006369352,0.0208420008420944,0.2390780001878738,0.6376789808273315,5,SPOOF
0.0602,0,0.0292010009288787,0.0690699964761734,0.0394419990479946,0.0283649992197752,0.2681939899921417,0.5657280087471008,5,SPOOF
0.0874,0,0.0041990000754594,0.0077769998461008,0.0074999998323619,0.0923520028591156,0.005299000069499,0.882872998714447,5,SPOOF
0.0504,0,0.0024959999136626,0.003309000050649,0.0049589998088777,0.0189120005816221,0.003531000111252,0.9667930006980896,5,SPOOF
0.0457,0,0.0186560004949569,0.0359119996428489,0.011281999759376,0.2162490040063858,0.0369470007717609,0.6809539794921875,5,SPOOF
0.1337,0,0.0023769999388605,0.0072200000286102,0.0070290002040565,0.0070480001159012,0.0247150007635355,0.9516109824180604,5,SPOOF
0.0707,0,0.0027419999241828,0.0018189999973401,0.0067509999498724,0.0116809997707605,0.0027079998981207,0.9742990136146544,5,SPOOF
0.1013,0,0.0005310000269673,0.0040179998613893,0.0011109999613836,0.0039479997940361,0.0019690000917762,0.9884240031242372,5,SPOOF
0.1611,0,0.0035349999088793,0.0043489998206496,0.0136399995535612,0.0120259998366236,0.0045489999465644,0.961899995803833,5,SPOOF
0.0579,0,0.0002559999993536,0.0029539999086409,0.0012329999590292,0.0214300006628036,0.0008290000259876,0.9732969999313354,5,SPOOF
0.1333,0,0.0011099999537691,0.0015640000347048,0.010321999900043,0.0080000003799796,0.0019000000320374,0.9771040081977844,5,SPOOF
0.1104,0,0.0016410000389441,0.0017689999658614,0.0110560003668069,0.0134870000183582,0.0025669999886304,0.9694799780845642,5,SPOOF
0.048,0,0.339368999004364,0.4250870048999786,0.0120750004425644,0.0332709997892379,0.024745000526309,0.1654530018568039,1,SPOOF
0.2177,0,0.0010789999505504,0.0028099999763071,0.0027729999274015,0.0079079996794462,0.0023809999693185,0.9830499887466432,5,SPOOF
0.0933,0,0.0090789999812841,0.7519069910049438,0.0078379996120929,0.0305480007082223,0.010215999558568,0.1904119998216629,1,SPOOF
0.0538,0,0.0100790001451969,0.0085699995979666,0.011838000267744,0.0828140005469322,0.0094860000535845,0.8772140145301819,5,SPOOF
0.0595,0,0.0051799998618662,0.1016359999775886,0.0239969994872808,0.4202170073986053,0.008538999594748,0.440430998802185,5,SPOOF
0.0439,0,0.0028079999610781,0.0582860000431537,0.0158750005066394,0.183131992816925,0.0050229998305439,0.7348769903182983,5,SPOOF
0.1023,0,0.0038330000825226,0.0070170001126825,0.0096650002524256,0.0062930001877248,0.0044519999064505,0.9687399864196776,5,SPOOF
0.0386,0,0.0035459999926388,0.3563109934329986,0.0054790000431239,0.0113230003044009,0.0175320003181695,0.6058099865913391,5,SPOOF
0.0936,0,0.0012740000383928,0.0042900000698864,0.0038139999378472,0.0085960002616047,0.0029740000609308,0.9790530204772948,5,SPOOF
0.0485,0,0.0005450000171549,0.0047419997863471,0.0011210000375285,0.0271879993379116,0.0015519999433308,0.9648529887199402,5,SPOOF
0.0409,0,0.0004710000066552,0.0081829996779561,0.0014860000228509,0.0019630000460892,0.0019209999591112,0.985975980758667,5,SPOOF
0.0279,0,0.0044729998335242,0.03201499953866,0.0050679999403655,0.0301440004259347,0.0170990005135536,0.911201000213623,5,SPOOF
0.1449,0,0.0013030000263825,0.0033460000995546,0.0030300000216811,0.0080490000545978,0.0027910000644624,0.9814800024032592,5,SPOOF
0.0237,0,0.004947000183165,0.0073859998956322,0.0140450000762939,0.0213830005377531,0.0061869998462498,0.9460530281066896,5,SPOOF
0.2223,0,0.0002969999914057,0.0130139999091625,0.0021589999087154,0.0207059998065233,0.0008880000095814,0.9629369974136353,5,SPOOF
0.1721,0,0.0006060000159777,0.0034380001015961,0.0010639999527484,0.0048650000244379,0.0014840000076219,0.9885429739952089,5,SPOOF
0.0661,0,0.0001039999988279,0.0063789999112486,0.0008810000144876,0.0073970002122223,0.0003889999934472,0.984848976135254,5,SPOOF
0.16,0,0.0005349999992176,0.0011149999918416,0.0011350000277161,0.0014590000500902,0.0008290000259876,0.9949280023574828,5,SPOOF
0.0672,0,0.0095910001546144,0.0117830000817775,0.0091169998049736,0.0768470019102096,0.0091329999268054,0.8835300207138062,5,SPOOF
0.0457,0,0.0018749999580904,0.0019930000416934,0.0051839998923242,0.0115480003878474,0.0023509999737143,0.9770489931106568,5,SPOOF
0.2005,0,0.0009330000029876,0.0036510000936686,0.0021830000914633,0.006885000038892,0.002373999916017,0.9839730262756348,5,SPOOF
0.0255,0,0.0007559999939985,0.8156530261039734,0.0017229999648407,0.0021800000686198,0.0054480000399053,0.1742389947175979,1,SPOOF
0.0696,0,0.009974000044167,0.4770210087299347,0.0142339998856186,0.0160520002245903,0.0144210001453757,0.4682979881763458,1,SPOOF
0.0085,0,0.0021949999500066,0.0773470029234886,0.0034119999036192,0.0081110000610351,0.0037380000576376,0.9051979780197144,5,SPOOF
0.0126,0,0.004311999771744,0.0181360002607107,0.0032979999668896,0.0502710007131099,0.0049589998088777,0.9190250039100648,5,SPOOF
0.0451,0,0.0003650000144261,0.0131029998883605,0.002777999965474,0.0313550010323524,0.0009929999941959,0.9514060020446776,5,SPOOF
0.065,0,0.0013650000328198,0.0090479999780654,0.002339000115171,0.0076020001433789,0.0022410000674426,0.9774050116539,5,SPOOF
0.0258,0,0.0027650000993162,0.0016430000541731,0.0053460001945495,0.0112910000607371,0.0027689998969435,0.976185977458954,5,SPOOF
0.0182,0,0.0269290003925561,0.0099759995937347,0.9492700099945068,0.0023479999508708,0.0019910000264644,0.0094870002940297,2,SPOOF
0.0245,0,0.0022140000946819,0.007139999885112,0.9640960097312928,0.0058969999663531,0.0015480000292882,0.0191050004214048,2,SPOOF
0.0157,0,0.000538999971468,0.0006929999799467,0.9983369708061218,0.0001100000008591,4.5000000682193786e-05,0.0002760000061243,2,SPOOF
0.0525,0,0.0036879999097436,0.0055550001561641,0.982021987438202,0.0026330000255256,0.0008820000221021,0.0052200001664459,2,SPOOF
0.1451,0,0.0198250003159046,0.0343209989368915,0.9377639889717102,0.0023350000847131,0.0023229999933391,0.0034320000559091,2,SPOOF
0.092,0,0.0466569997370243,0.0094590000808238,0.9189900159835817,0.0126550002023577,0.0030060000717639,0.0092350002378225,2,SPOOF
0.1364,0,0.0032790000550448,0.0061409999616444,0.986248016357422,0.0011109999613836,0.0006210000137798,0.002600000007078,2,SPOOF
0.0742,0,0.0051400000229477,0.0527059994637966,0.0095760002732276,0.02055099979043,0.010874000377953,0.9011520147323608,5,SPOOF
0.0531,0,0.0350489988923072,0.0253960005939006,0.9193779826164246,0.0047369999811053,0.0047709997743368,0.0106680002063512,2,SPOOF
0.0452,0,0.1088519990444183,0.0415409989655017,0.8032529950141907,0.0111729996278882,0.0133649995550513,0.021816000342369,2,SPOOF
0.032,0,0.0117499995976686,0.0075489999726414,0.9725189805030824,0.0018070000223815,0.0016299999551847,0.0047439998015761,2,SPOOF
0.1856,0,0.0195560008287429,0.0129249999299645,0.9531750082969666,0.0035560000687837,0.0029909999575465,0.0077969999983906,2,SPOOF
0.0807,0,0.0070020002312958,0.0026159998960793,0.9879029989242554,0.0006840000278316,0.0003910000086762,0.001403999980539,2,SPOOF
0.1183,0,0.0014860000228509,0.003569999942556,0.9881579875946044,0.0019920000340789,0.0004980000085197,0.0042969998903572,2,SPOOF
0.2462,0,0.0015660000499337,0.0035800000187009,0.9895229935646056,0.0015059999423101,0.0004379999882075,0.003387999953702,2,SPOOF
0.1099,0,0.090218000113964,0.0257580000907182,0.8685759902000427,0.0042130001820623,0.0052280002273619,0.00600800011307,2,SPOOF
0.1278,0,0.0327010005712509,0.0147740002721548,0.8807479739189148,0.0095910001546144,0.0060290000401437,0.056157000362873,2,SPOOF
0.1602,0,0.0061160000041127,0.0068939998745918,0.9754570126533508,0.0012870000209659,0.0011950000189244,0.0090509997680783,2,SPOOF
0.1592,0,0.1409160047769546,0.1413850039243698,0.620602011680603,0.0307689998298883,0.0268220007419586,0.0395059995353221,2,SPOOF
0.1408,0,0.0241260007023811,0.645566999912262,0.0265779998153448,0.0386769995093345,0.0281290002167224,0.2369219958782196,1,SPOOF
0.1541,0,0.0534520000219345,0.0220420006662607,0.8001909852027893,0.0116870002821087,0.0086869997903704,0.1039410009980201,2,SPOOF
0.0356,0,0.0043919999152421,0.0014009999576956,0.9811310172080994,0.0019039999460801,0.0006740000098943,0.0104980003088712,2,SPOOF
0.0352,0,0.0043899999000132,0.0048989998176693,0.9840750098228456,0.0015979999443516,0.0007820000173524,0.0042550000362098,2,SPOOF
0.0394,0,0.0003689999866764,0.0006360000115819,0.9986630082130432,7.999999797903001e-05,3.600000127335079e-05,0.0002160000003641,2,SPOOF
0.0573,0,0.0111659998074173,0.2948260009288788,0.0102549996227025,0.0349529981613159,0.0486860014498233,0.6001139879226685,5,SPOOF
0.0462,0,0.116856001317501,0.0388050004839897,0.5933809876441956,0.0226050000637769,0.0137839997187256,0.2145690023899078,2,SPOOF
0.0371,0,0.0301789995282888,0.103532999753952,0.0400689989328384,0.0331609994173049,0.373198002576828,0.4198600053787231,5,SPOOF
0.0424,0,0.0713509991765022,0.1191819980740547,0.0518320016562938,0.0535349994897842,0.4915499985218048,0.2125490009784698,4,SPOOF
0.0715,0,0.0639040023088455,0.1144199967384338,0.0401960015296936,0.0482410006225109,0.5291799902915955,0.2040600031614303,4,SPOOF
0.1292,0,0.0010659999679774,0.985845983028412,0.0008590000215917,0.0004039999912492,0.0008520000264979,0.0109740002080798,1,SPOOF
0.2662,0,0.2505480051040649,0.1635800004005432,0.0535800009965896,0.0933990031480789,0.1718949973583221,0.2669970095157623,5,SPOOF
0.3558,0,0.0499680005013942,0.0446100011467933,0.0197560004889965,0.7409260272979736,0.0702089965343475,0.0745299980044364,3,SPOOF
0.236,0,0.0913019999861717,0.0189309995621442,0.0144469998776912,0.7994539737701416,0.0124030001461505,0.0634640008211135,3,SPOOF
0.1456,0,0.0147989997640252,0.0063649998046457,0.0054219998419284,0.9410520195961,0.0031779999844729,0.0291840005666017,3,SPOOF
0.0151,0,0.0078750001266598,0.9623259902000428,0.002826000098139,0.014291999861598,0.0068359998986124,0.0058459998108446,1,SPOOF
0.1426,0,0.3731420040130615,0.0152030000463128,0.0085209999233484,0.5490239858627319,0.0113930003717541,0.0427180007100105,3,SPOOF
0.1322,0,0.0037809999193996,0.0018589999526739,0.0025710000190883,0.956466019153595,0.0015079999575391,0.033815000206232,3,SPOOF
0.404,0,0.0043669999577105,0.0022460001055151,0.0017199999419972,0.9737560153007508,0.0011429999722167,0.0167689993977546,3,SPOOF
0.5166,0,0.0063330000266432,0.0020270000677555,0.0035300001036375,0.9317200183868408,0.001628000056371,0.0547609999775886,3,SPOOF
0.1718,0,0.0301939994096755,0.0015569999814033,0.0022160001099109,0.9565460085868835,0.0017689999658614,0.0077180000953376,3,SPOOF
0.2599,0,0.0037609999999403,0.0019310000352561,0.0024600001052021,0.974927008152008,0.0010209999745711,0.0159000009298324,3,SPOOF
0.3692,0,0.5860679745674133,0.1243169978260994,0.032379001379013,0.1904499977827072,0.0442319996654987,0.0225520003587007,0,SPOOF
0.1408,0,0.3112779855728149,0.0465420000255107,0.0087350001558661,0.5145260095596313,0.0190880000591278,0.0998300015926361,3,SPOOF
0.1784,0,0.0095170000568032,0.0020630001090466,0.0020109999459236,0.9473609924316406,0.0026700000744313,0.0363779999315738,3,SPOOF
0.0769,0,0.0359660014510154,0.0068180002272129,0.0026630000211298,0.8944309949874878,0.0051540001295506,0.0549679994583129,3,SPOOF
0.0411,0,0.0082820001989603,0.0052939997985959,0.0027570000384002,0.9637219905853271,0.0031250000465661,0.0168200004845857,3,SPOOF
0.1698,0,0.0011480000102892,0.0005890000029467,0.0010219999821856,0.9813600182533264,0.0005799999926239,0.0153010003268718,3,SPOOF
0.0209,0,0.0203719995915889,0.0093729998916387,0.0038199999835342,0.9384790062904358,0.0087949996814131,0.0191610008478164,3,SPOOF
0.0325,0,0.045974001288414,0.0365040004253387,0.0104459999129176,0.8594059944152832,0.0155469998717308,0.0321229994297027,3,SPOOF
0.0172,0,0.0016639999812468,0.0051790000870823,0.0022879999596625,0.1225119978189468,0.0028639999218285,0.8654929995536804,5,SPOOF
