index,deep_label,deep_pred,deep_score,micro_emotion,micro_score,fusion_result,micro_score_anger,micro_score_disgust,micro_score_fear,micro_score_happiness,micro_score_sadness,micro_score_surprise
1,real,fake,0.8187,disgust,0.9891,LIVE,0.0005530000198632479,0.9890999794006348,0.0008229999803006649,0.00031599999056197703,0.001053999993018806,0.00815299991518259
2,real,fake,0.8847,anger,0.9235,LIVE,0.9235140085220337,0.0029849999118596315,0.006577999796718359,0.05687199905514717,0.00380899989977479,0.0062420000322163105
3,real,fake,0.7979,disgust,0.9947,LIVE,0.00036299999919719994,0.9946929812431335,0.001057000015862286,0.00021499999274965376,0.00045900000259280205,0.003212000010535121
4,real,fake,0.9231,surprise,0.8064,LIVE,0.0209369994699955,0.018035000190138817,0.08008699864149094,0.030399000272154808,0.044179998338222504,0.8063610196113586
5,real,fake,0.8705,disgust,0.9925,LIVE,0.00030399998649954796,0.9925379753112793,0.0005070000188425183,0.00039400000241585076,0.0010049999691545963,0.005251999944448471
6,real,fake,0.8357,disgust,0.7064,LIVE,0.01612900011241436,0.706404983997345,0.011136000044643879,0.00879599992185831,0.20477700233459473,0.052758000791072845
7,real,fake,0.8416,disgust,0.9769,LIVE,0.000645000021904707,0.9768540263175964,0.0009250000002793968,0.0010629999451339245,0.0024820000398904085,0.01803099922835827
8,real,fake,0.9296,disgust,0.9882,LIVE,0.0012499999720603228,0.9881839752197266,0.0016540000215172768,0.0010100000072270632,0.0017359999474138021,0.006165000144392252
9,real,fake,0.8833,disgust,0.5334,LIVE,0.09609699994325638,0.5333729982376099,0.013530000112950802,0.05137300118803978,0.06763599812984467,0.23799200356006622
10,real,fake,0.8441,disgust,0.9887,LIVE,0.0011340000201016665,0.9886599779129028,0.0006569999968633056,0.0006319999811239541,0.001471000025048852,0.007445000112056732
11,real,fake,0.8229,disgust,0.9855,LIVE,0.0005089999758638442,0.9854779839515686,0.0018119999440386891,0.0006960000027902424,0.0012260000221431255,0.010280000045895576
12,real,fake,0.8791,disgust,0.9956,LIVE,0.00028300000121816993,0.9956200122833252,0.0004729999927803874,0.0001449999981559813,0.0004140000091865659,0.0030640000477433205
13,real,fake,0.7652,disgust,0.9954,LIVE,0.00027799999224953353,0.9953950047492981,0.0005680000176653266,0.00014200000441633165,0.00041700000292621553,0.0031999999191612005
14,real,fake,0.8492,disgust,0.981,LIVE,0.0006760000251233578,0.9809669852256775,0.0023580000270158052,0.0005559999844990671,0.0011889999732375145,0.014255000278353691
15,real,fake,0.8638,disgust,0.9763,LIVE,0.0019280000124126673,0.9762539863586426,0.0011530000483617187,0.0015660000499337912,0.003398000029847026,0.01570099964737892
16,real,fake,0.8399,disgust,0.9163,LIVE,0.021834999322891235,0.9163359999656677,0.008433000184595585,0.0052200001664459705,0.010526999831199646,0.03765000030398369
17,real,fake,0.8577,surprise,0.693,LIVE,0.00583800021559,0.10335200279951096,0.00825399998575449,0.17993299663066864,0.009633000008761883,0.6929910182952881
18,real,fake,0.8746,disgust,0.9964,LIVE,0.00016999999934341758,0.9963849782943726,0.0002579999854788184,0.00020700000459328294,0.0006339999963529408,0.0023449999280273914
19,real,fake,0.7969,disgust,0.9923,LIVE,0.00036199999158270657,0.9923110008239746,0.0002800000074785203,0.0004199999966658652,0.0011549999471753836,0.0054709999822080135
20,real,fake,0.787,disgust,0.9777,LIVE,0.001978999935090542,0.9776840209960938,0.0015429999912157655,0.010386999696493149,0.002643000101670623,0.005764000117778778
21,real,fake,0.8785,disgust,0.9753,LIVE,0.0014390000142157078,0.9753130078315735,0.004379999823868275,0.0059009999968111515,0.002355000004172325,0.010611999779939651
22,real,fake,0.6931,disgust,0.9968,LIVE,0.00027099999715574086,0.9967600107192993,0.00023400000645779073,0.00011500000255182385,0.00019700000120792538,0.0024220000486820936
23,real,fake,0.8594,disgust,0.9615,LIVE,0.0005779999773949385,0.9615399837493896,0.003930000122636557,0.00368200009688735,0.0013160000089555979,0.028953999280929565
24,real,fake,0.9099,happiness,0.4823,LIVE,0.41026800870895386,0.021548999473452568,0.007323999889194965,0.4823459982872009,0.01370299980044365,0.06481000036001205
25,real,fake,0.9168,disgust,0.9951,LIVE,0.00013000000035390258,0.9951220154762268,0.00021600000036414713,9.300000237999484e-05,0.00022400000307243317,0.004215999972075224
26,real,fake,0.8016,happiness,0.9422,LIVE,0.022626999765634537,0.010475999675691128,0.0047439998015761375,0.9422289729118347,0.005156999919563532,0.014766000211238861
27,real,fake,0.6255,disgust,0.9892,LIVE,0.00017600000137463212,0.9891790151596069,0.00022499999613501132,0.00039500001003034413,0.0010089999996125698,0.009015999734401703
28,real,fake,0.7492,disgust,0.9392,LIVE,0.0008069999748840928,0.9391829967498779,0.003008000086992979,0.004253999795764685,0.0026940000243484974,0.05005300045013428
29,real,fake,0.8392,disgust,0.6998,LIVE,0.00456500006839633,0.6998239755630493,0.011505000293254852,0.02618899941444397,0.00939099956303835,0.24852600693702698
30,real,fake,0.8183,disgust,0.9652,LIVE,0.001231999951414764,0.9652259945869446,0.0024300001095980406,0.0015620000194758177,0.0021389999892562628,0.02741199918091297
31,real,fake,0.7524,disgust,0.9973,LIVE,0.00026699999580159783,0.9972890019416809,0.0002969999914057553,0.0005050000036135316,0.0005830000154674053,0.0010600000387057662
32,real,fake,0.8222,disgust,0.9853,LIVE,0.0002010000025620684,0.9852880239486694,0.00029299999005161226,0.00031900001340545714,0.001221999991685152,0.012675999663770199
33,real,fake,0.6745,disgust,0.9715,LIVE,0.00431900005787611,0.9715020060539246,0.0012339999666437507,0.001749000046402216,0.004238999914377928,0.016959000378847122
34,real,fake,0.7345,disgust,0.9609,LIVE,0.0005130000063218176,0.9609299898147583,0.0009169999975711107,0.0007960000075399876,0.002788000041618943,0.03405600041151047
35,real,fake,0.8165,disgust,0.7726,LIVE,0.09740299731492996,0.7726479768753052,0.007970999926328659,0.015768999233841896,0.03133599832653999,0.07487200200557709
36,real,fake,0.6857,disgust,0.9837,LIVE,0.00013800000306218863,0.9837470054626465,0.0002629999944474548,0.0002749999985098839,0.0010359999723732471,0.014541000127792358
37,real,fake,0.7621,disgust,0.9305,LIVE,0.011540000326931477,0.9304919838905334,0.0031649998854845762,0.004718999844044447,0.010327000170946121,0.03975699841976166
38,real,fake,0.7217,disgust,0.9287,LIVE,0.0009689999860711396,0.9287430047988892,0.002652999944984913,0.006564999930560589,0.003068000078201294,0.05800100043416023
39,real,fake,0.6396,disgust,0.7192,LIVE,0.033629000186920166,0.7191969752311707,0.007007999811321497,0.010981000028550625,0.011965000070631504,0.21721899509429932
40,real,fake,0.7132,disgust,0.9857,LIVE,0.001234999974258244,0.9857349991798401,0.003289999905973673,0.0006799999973736703,0.0013689999468624592,0.007691000122576952
41,real,fake,0.8769,disgust,0.9098,LIVE,0.004251999780535698,0.9098150134086609,0.0026000000070780516,0.0044570001773536205,0.004730000160634518,0.07414499670267105
42,real,fake,0.8026,disgust,0.9957,LIVE,0.0004419999895617366,0.9957320094108582,0.0004980000085197389,0.0007600000244565308,0.0009730000165291131,0.0015940000303089619
43,real,fake,0.7308,disgust,0.9875,LIVE,0.0001939999929163605,0.9874640107154846,0.0009289999725297093,0.001411000033840537,0.000813000020571053,0.009188000112771988
44,real,fake,0.7833,disgust,0.9402,LIVE,0.006275000050663948,0.9401580095291138,0.006130999885499477,0.03116000071167946,0.0054339999333024025,0.010843000374734402
45,real,fake,0.8768,disgust,0.9926,LIVE,0.0002899999963119626,0.9926390051841736,0.000805000017862767,0.001247999956831336,0.0007580000092275441,0.004259999841451645
46,real,fake,0.7001,disgust,0.993,LIVE,0.0003279999946244061,0.9930049777030945,0.0003060000017285347,0.00039900001138448715,0.0009730000165291131,0.004989999812096357
47,real,fake,0.7592,disgust,0.9935,LIVE,0.0004130000015720725,0.9935320019721985,0.00039000000106170774,0.00022000000171829015,0.00047599998652003706,0.0049680001102387905
48,real,fake,0.6759,disgust,0.9976,LIVE,0.00022499999613501132,0.997622013092041,0.0001720000000204891,9.100000170292333e-05,0.0002099999983329326,0.0016799999866634607
49,real,fake,0.8761,disgust,0.9941,LIVE,0.000534999999217689,0.9940750002861023,0.00046099998871795833,0.0002589999930933118,0.0005300000193528831,0.004139000084251165
50,real,fake,0.7084,disgust,0.995,LIVE,0.0004729999927803874,0.9950079917907715,0.00039400000241585076,0.00021600000036414713,0.00046400001156143844,0.003444999922066927
51,real,fake,0.6947,disgust,0.9949,LIVE,0.0004949999856762588,0.9948570132255554,0.00021899999410379678,0.0001500000071246177,0.00038499999209307134,0.003894000081345439
52,real,fake,0.8504,disgust,0.9633,LIVE,0.0007719999994151294,0.9632949829101562,0.0010519999777898192,0.0009640000062063336,0.0010819999733939767,0.0328340008854866
53,real,fake,0.7998,disgust,0.9486,LIVE,0.0012839999981224537,0.9486010074615479,0.0015239999629557133,0.0012420000275596976,0.0014130000490695238,0.04593599960207939
54,real,fake,0.7596,disgust,0.9971,LIVE,0.00027799999224953353,0.997061014175415,0.0003209999995306134,0.0005719999899156392,0.00044100001105107367,0.0013259999686852098
55,real,fake,0.8201,happiness,0.9354,LIVE,0.005741999950259924,0.005537000019103289,0.003932000137865543,0.9353610277175903,0.002245000097900629,0.047182999551296234
56,real,fake,0.7849,anger,0.985,LIVE,0.984969973564148,0.00533400010317564,0.00482999999076128,0.0023159999400377274,0.0018339999951422215,0.0007159999804571271
57,real,fake,0.7131,anger,0.9801,LIVE,0.9800909757614136,0.005268999841064215,0.005415999796241522,0.005032000131905079,0.002885000081732869,0.001307999948039651
58,real,fake,0.6582,fear,0.7219,LIVE,0.1177159994840622,0.04871299862861633,0.7219470143318176,0.014778999611735344,0.016502000391483307,0.08034300059080124
59,real,fake,0.7315,happiness,0.6777,LIVE,0.1219559982419014,0.0390859991312027,0.03203099966049194,0.6777080297470093,0.015355000272393227,0.1138639971613884
60,real,fake,0.5631,anger,0.9447,LIVE,0.9446759819984436,0.00991200003772974,0.011060000397264957,0.022637000307440758,0.007141999900341034,0.004575000144541264
61,real,fake,0.8145,fear,0.8716,LIVE,0.015475000254809856,0.0067460001446306705,0.8716470003128052,0.016293000429868698,0.004656000062823296,0.08518300205469131
62,real,fake,0.7451,anger,0.9774,LIVE,0.9773560166358948,0.0013569999719038606,0.005276999901980162,0.011358000338077545,0.0016969999996945262,0.0029559999238699675
63,real,fake,0.7917,anger,0.9867,LIVE,0.986702024936676,0.001303000026382506,0.002993999980390072,0.006010000128298998,0.001294999965466559,0.0016959999920800328
64,real,fake,0.754,anger,0.9778,LIVE,0.9778199791908264,0.0013419999741017818,0.003889000043272972,0.013829999603331089,0.0015320000238716602,0.0015869999770075083
65,real,fake,0.8536,anger,0.8829,LIVE,0.8829230070114136,0.029113000258803368,0.026410000398755074,0.023760000243782997,0.019752999767661095,0.01804099977016449
66,real,fake,0.7057,anger,0.992,LIVE,0.9920259714126587,0.0025450000539422035,0.0010580000234767795,0.0032140000257641077,0.0005559999844990671,0.0006009999779053032
67,real,fake,0.7766,anger,0.979,LIVE,0.9790210127830505,0.002452000044286251,0.008918000385165215,0.004652999807149172,0.0023719999007880688,0.0025839998852461576
68,real,fake,0.7173,anger,0.412,LIVE,0.4119659960269928,0.109094999730587,0.10244899988174438,0.13735300302505493,0.07559800148010254,0.16353900730609894
69,real,fake,0.8373,anger,0.8665,LIVE,0.8664680123329163,0.025875000283122063,0.06502299755811691,0.016558000817894936,0.015745000913739204,0.010331000201404095
70,real,fake,0.7477,anger,0.8913,LIVE,0.8913009762763977,0.004466999787837267,0.01750900037586689,0.027096999809145927,0.007612999994307756,0.052014000713825226
71,real,fake,0.7808,fear,0.53,LIVE,0.26574400067329407,0.06756599992513657,0.5300499796867371,0.013445000164210796,0.016659000888466835,0.10653600096702576
72,real,fake,0.8611,anger,0.8917,LIVE,0.8916940093040466,0.02741199918091297,0.05007399991154671,0.013094999827444553,0.011634999886155128,0.006089999806135893
73,real,fake,0.7231,disgust,0.8116,LIVE,0.05280600115656853,0.8115890026092529,0.014290999621152878,0.055546000599861145,0.03033200092613697,0.035436000674963
74,real,fake,0.8568,anger,0.9924,LIVE,0.992438018321991,0.0012150000547990203,0.0014560000272467732,0.0034020000603049994,0.0007329999934881926,0.000754999986384064
75,real,fake,0.9116,anger,0.8469,LIVE,0.8469420075416565,0.006670000031590462,0.02813900075852871,0.08309199661016464,0.01027899980545044,0.0248780008405447
76,real,fake,0.6954,anger,0.9696,LIVE,0.9696339964866638,0.003317000111564994,0.006384999956935644,0.01308200042694807,0.0028899998869746923,0.004693000111728907
77,real,fake,0.7421,surprise,0.91,LIVE,0.009723000228404999,0.005801999941468239,0.007654000073671341,0.05999999865889549,0.006839999929070473,0.9099810123443604
78,real,fake,0.8206,disgust,0.4705,LIVE,0.27047500014305115,0.4705379903316498,0.011738999746739864,0.034839000552892685,0.020263999700546265,0.19214500486850739
79,real,fake,0.7448,anger,0.9051,LIVE,0.9050830006599426,0.038823001086711884,0.011490999720990658,0.016242999583482742,0.01523599959909916,0.013124000281095505
80,real,fake,0.8192,fear,0.6659,LIVE,0.05484800040721893,0.028667999431490898,0.6659430265426636,0.016714999452233315,0.012028999626636505,0.22179700434207916
81,real,fake,0.8459,anger,0.72,LIVE,0.7200170159339905,0.00595899997279048,0.023256000131368637,0.0854170024394989,0.011571000330150127,0.15377900004386902
82,real,fake,0.8422,surprise,0.9759,LIVE,0.0033629999961704016,0.003622000105679035,0.003951000049710274,0.009727000258862972,0.0034149999264627695,0.9759230017662048
83,real,fake,0.6224,surprise,0.7435,LIVE,0.020333999767899513,0.055587999522686005,0.1545339971780777,0.012102000415325165,0.013894000090658665,0.7435489892959595
84,real,fake,0.8394,surprise,0.972,LIVE,0.0048779998905956745,0.002319999970495701,0.0045900000259280205,0.012614999897778034,0.003594999900087714,0.9720010161399841
85,real,fake,0.8543,surprise,0.9779,LIVE,0.003782999934628606,0.0025130000431090593,0.0030950000509619713,0.009623999707400799,0.0030539999715983868,0.977931022644043
86,real,fake,0.7947,surprise,0.9689,LIVE,0.0011680000461637974,0.013501999899744987,0.003522000042721629,0.008566999807953835,0.00432500010356307,0.9689159989356995
87,real,fake,0.8905,happiness,0.7979,LIVE,0.029253000393509865,0.108194999396801,0.013109000399708748,0.797914981842041,0.011629000306129456,0.039900001138448715
88,real,fake,0.7367,anger,0.3927,LIVE,0.3926819860935211,0.015339000150561333,0.013819999992847443,0.321289986371994,0.022842999547719955,0.2340259999036789
89,real,fake,0.8233,disgust,0.9826,LIVE,0.0005510000046342611,0.98260098695755,0.0022479998879134655,0.0009040000149980187,0.0011020000092685223,0.012594000436365604
90,real,fake,0.6772,surprise,0.9477,LIVE,0.0005810000002384186,0.0036689999978989363,0.0014669999945908785,0.04558999836444855,0.0010300000431016088,0.9476630091667175
91,real,fake,0.8649,surprise,0.9731,LIVE,0.002228999976068735,0.011223999783396721,0.0036150000523775816,0.007129000034183264,0.0027290000580251217,0.9730730056762695
92,real,fake,0.8903,surprise,0.9724,LIVE,0.0021559998858720064,0.01218200009316206,0.003727999981492758,0.006750999949872494,0.002764000091701746,0.9724199771881104
93,real,fake,0.7109,surprise,0.9948,LIVE,0.00035600000410340726,0.001478999969549477,0.0010529999854043126,0.0013150000013411045,0.0009670000290498137,0.9948300123214722
94,real,fake,0.6226,surprise,0.9849,LIVE,0.0016740000573918223,0.003223000094294548,0.0035429999697953463,0.003988000098615885,0.0026360000483691692,0.9849349856376648
95,real,fake,0.8805,happiness,0.6758,LIVE,0.004501999821513891,0.007151999976485968,0.007896999828517437,0.6757739782333374,0.003476999932900071,0.3012000024318695
96,real,fake,0.6775,surprise,0.9601,LIVE,0.003108999924734235,0.004273000173270702,0.005051999818533659,0.023499999195337296,0.003986999858170748,0.9600790143013
97,real,fake,0.6537,anger,0.6118,LIVE,0.6117630004882812,0.11507099866867065,0.02531999908387661,0.1935970038175583,0.03386399894952774,0.020385000854730606
98,real,fake,0.5844,surprise,0.9818,LIVE,0.0002840000088326633,0.0033420000690966845,0.0020540000405162573,0.012032000347971916,0.000446999998530373,0.9818410277366638
99,real,fake,0.666,surprise,0.9825,LIVE,0.0011940000113099813,0.0015089999651536345,0.0087909996509552,0.004350999835878611,0.0016349999932572246,0.9825199842453003
100,real,fake,0.6069,surprise,0.9639,LIVE,0.002503999974578619,0.006155999843031168,0.006297000218182802,0.016543999314308167,0.004575000144541264,0.963923990726471
101,fake,fake,0.062,surprise,0.9835,SPOOF,0.0008360000210814178,0.006794000044465065,0.0014750000555068254,0.005917000118643045,0.0014420000370591879,0.9835370182991028
102,fake,fake,0.1344,surprise,0.9437,SPOOF,0.0060720001347362995,0.0334010012447834,0.004004999995231628,0.0078959995880723,0.004972999915480614,0.9436529874801636
103,fake,fake,0.0314,surprise,0.8311,SPOOF,0.021477000787854195,0.028206000104546547,0.01284400001168251,0.08814200013875961,0.018269000574946404,0.8310620188713074
104,fake,fake,0.0092,surprise,0.9809,SPOOF,0.0019229999743402004,0.0017839999636635184,0.004404000006616116,0.00880299974232912,0.0022330000065267086,0.9808530211448669
105,fake,fake,0.0365,surprise,0.8375,SPOOF,0.00991700030863285,0.027667000889778137,0.03063499927520752,0.017139999195933342,0.07716599851846695,0.83747398853302
106,fake,fake,0.1331,surprise,0.8045,SPOOF,0.007672000210732222,0.12071599811315536,0.005458000116050243,0.04294300079345703,0.01875999942421913,0.8044499754905701
107,fake,fake,0.1661,surprise,0.97,SPOOF,0.00041700000292621553,0.0035860000643879175,0.0013899999903514981,0.023329999297857285,0.0013050000416114926,0.9699730277061462
108,fake,fake,0.0814,surprise,0.9847,SPOOF,0.00013600000238511711,0.0031649998854845762,0.0006099999882280827,0.010778999887406826,0.0005789999850094318,0.9847310185432434
109,fake,fake,0.3999,disgust,0.5852,SPOOF,0.01144300028681755,0.585237979888916,0.016852999106049538,0.16317999362945557,0.018346000462770462,0.20493899285793304
110,fake,fake,0.0907,surprise,0.9768,SPOOF,0.0009089999948628247,0.0036539998836815357,0.00107999995816499,0.015768999233841896,0.0018279999494552612,0.976760983467102
111,fake,fake,0.0903,surprise,0.6377,SPOOF,0.02174600027501583,0.05195099860429764,0.028704000636935234,0.02084200084209442,0.23907800018787384,0.6376789808273315
112,fake,fake,0.0602,surprise,0.5657,SPOOF,0.029201000928878784,0.0690699964761734,0.039441999047994614,0.0283649992197752,0.2681939899921417,0.5657280087471008
113,fake,fake,0.0874,surprise,0.8829,SPOOF,0.00419900007545948,0.007776999846100807,0.007499999832361937,0.0923520028591156,0.005299000069499016,0.882872998714447
114,fake,fake,0.0504,surprise,0.9668,SPOOF,0.002495999913662672,0.003309000050649047,0.0049589998088777065,0.018912000581622124,0.0035310001112520695,0.9667930006980896
115,fake,fake,0.0457,surprise,0.681,SPOOF,0.01865600049495697,0.03591199964284897,0.011281999759376049,0.2162490040063858,0.03694700077176094,0.6809539794921875
116,fake,fake,0.1337,surprise,0.9516,SPOOF,0.0023769999388605356,0.0072200000286102295,0.007029000204056501,0.007048000115901232,0.0247150007635355,0.9516109824180603
117,fake,fake,0.0707,surprise,0.9743,SPOOF,0.002741999924182892,0.0018189999973401427,0.006750999949872494,0.011680999770760536,0.002707999898120761,0.9742990136146545
118,fake,fake,0.1013,surprise,0.9884,SPOOF,0.0005310000269673765,0.004017999861389399,0.0011109999613836408,0.00394799979403615,0.001969000091776252,0.9884240031242371
119,fake,fake,0.1611,surprise,0.9619,SPOOF,0.0035349999088793993,0.004348999820649624,0.01363999955356121,0.012025999836623669,0.004548999946564436,0.961899995803833
120,fake,fake,0.0579,surprise,0.9733,SPOOF,0.00025599999935366213,0.0029539999086409807,0.0012329999590292573,0.02143000066280365,0.0008290000259876251,0.9732969999313354
121,fake,fake,0.1333,surprise,0.9771,SPOOF,0.0011099999537691474,0.0015640000347048044,0.01032199990004301,0.00800000037997961,0.0019000000320374966,0.9771040081977844
122,fake,fake,0.1104,surprise,0.9695,SPOOF,0.0016410000389441848,0.0017689999658614397,0.011056000366806984,0.01348700001835823,0.002566999988630414,0.9694799780845642
123,fake,fake,0.048,disgust,0.4251,SPOOF,0.339368999004364,0.42508700489997864,0.012075000442564487,0.033270999789237976,0.024745000526309013,0.1654530018568039
124,fake,fake,0.2177,surprise,0.9831,SPOOF,0.0010789999505504966,0.0028099999763071537,0.0027729999274015427,0.00790799967944622,0.002380999969318509,0.9830499887466431
125,fake,fake,0.0933,disgust,0.7519,SPOOF,0.009078999981284142,0.7519069910049438,0.007837999612092972,0.03054800070822239,0.010215999558568,0.1904119998216629
126,fake,fake,0.0538,surprise,0.8772,SPOOF,0.010079000145196915,0.008569999597966671,0.011838000267744064,0.08281400054693222,0.009486000053584576,0.8772140145301819
127,fake,fake,0.0595,surprise,0.4404,SPOOF,0.005179999861866236,0.10163599997758865,0.023996999487280846,0.42021700739860535,0.00853899959474802,0.44043099880218506
128,fake,fake,0.0439,surprise,0.7349,SPOOF,0.002807999961078167,0.05828600004315376,0.01587500050663948,0.18313199281692505,0.005022999830543995,0.7348769903182983
129,fake,fake,0.1023,surprise,0.9687,SPOOF,0.0038330000825226307,0.007017000112682581,0.00966500025242567,0.006293000187724829,0.00445199990645051,0.9687399864196777
130,fake,fake,0.0386,surprise,0.6058,SPOOF,0.0035459999926388264,0.35631099343299866,0.0054790000431239605,0.011323000304400921,0.017532000318169594,0.6058099865913391
131,fake,fake,0.0936,surprise,0.9791,SPOOF,0.0012740000383928418,0.004290000069886446,0.0038139999378472567,0.008596000261604786,0.002974000060930848,0.9790530204772949
132,fake,fake,0.0485,surprise,0.9649,SPOOF,0.0005450000171549618,0.004741999786347151,0.0011210000375285745,0.027187999337911606,0.001551999943330884,0.9648529887199402
133,fake,fake,0.0409,surprise,0.986,SPOOF,0.0004710000066552311,0.008182999677956104,0.0014860000228509307,0.0019630000460892916,0.0019209999591112137,0.985975980758667
134,fake,fake,0.0279,surprise,0.9112,SPOOF,0.004472999833524227,0.03201499953866005,0.005067999940365553,0.03014400042593479,0.01709900051355362,0.911201000213623
135,fake,fake,0.1449,surprise,0.9815,SPOOF,0.001303000026382506,0.003346000099554658,0.0030300000216811895,0.008049000054597855,0.0027910000644624233,0.9814800024032593
136,fake,fake,0.0237,surprise,0.9461,SPOOF,0.004947000183165073,0.007385999895632267,0.014045000076293945,0.021383000537753105,0.006186999846249819,0.9460530281066895
137,fake,fake,0.2223,surprise,0.9629,SPOOF,0.0002969999914057553,0.013013999909162521,0.0021589999087154865,0.020705999806523323,0.0008880000095814466,0.9629369974136353
138,fake,fake,0.1721,surprise,0.9885,SPOOF,0.0006060000159777701,0.003438000101596117,0.0010639999527484179,0.004865000024437904,0.001484000007621944,0.9885429739952087
139,fake,fake,0.0661,surprise,0.9848,SPOOF,0.00010399999882793054,0.006378999911248684,0.000881000014487654,0.007397000212222338,0.00038899999344721437,0.9848489761352539
140,fake,fake,0.16,surprise,0.9949,SPOOF,0.000534999999217689,0.0011149999918416142,0.0011350000277161598,0.0014590000500902534,0.0008290000259876251,0.9949280023574829
141,fake,fake,0.0672,surprise,0.8835,SPOOF,0.009591000154614449,0.011783000081777573,0.009116999804973602,0.07684700191020966,0.009132999926805496,0.8835300207138062
142,fake,fake,0.0457,surprise,0.977,SPOOF,0.0018749999580904841,0.001993000041693449,0.005183999892324209,0.011548000387847424,0.0023509999737143517,0.9770489931106567
143,fake,fake,0.2005,surprise,0.984,SPOOF,0.0009330000029876828,0.0036510000936686993,0.0021830000914633274,0.006885000038892031,0.0023739999160170555,0.9839730262756348
144,fake,fake,0.0255,disgust,0.8157,SPOOF,0.0007559999939985573,0.8156530261039734,0.0017229999648407102,0.0021800000686198473,0.00544800003990531,0.17423899471759796
145,fake,fake,0.0696,disgust,0.477,SPOOF,0.009974000044167042,0.4770210087299347,0.014233999885618687,0.0160520002245903,0.014421000145375729,0.4682979881763458
146,fake,fake,0.0085,surprise,0.9052,SPOOF,0.002194999950006604,0.07734700292348862,0.0034119999036192894,0.008111000061035156,0.0037380000576376915,0.9051979780197144
147,fake,fake,0.0126,surprise,0.919,SPOOF,0.004311999771744013,0.018136000260710716,0.00329799996688962,0.05027100071310997,0.0049589998088777065,0.9190250039100647
148,fake,fake,0.0451,surprise,0.9514,SPOOF,0.0003650000144261867,0.0131029998883605,0.0027779999654740095,0.03135500103235245,0.0009929999941959977,0.9514060020446777
149,fake,fake,0.065,surprise,0.9774,SPOOF,0.0013650000328198075,0.00904799997806549,0.002339000115171075,0.007602000143378973,0.0022410000674426556,0.9774050116539001
150,fake,fake,0.0258,surprise,0.9762,SPOOF,0.0027650000993162394,0.0016430000541731715,0.0053460001945495605,0.011291000060737133,0.002768999896943569,0.9761859774589539
151,fake,fake,0.0182,fear,0.9493,SPOOF,0.02692900039255619,0.009975999593734741,0.9492700099945068,0.0023479999508708715,0.0019910000264644623,0.009487000294029713
152,fake,fake,0.0245,fear,0.9641,SPOOF,0.0022140000946819782,0.007139999885112047,0.9640960097312927,0.005896999966353178,0.0015480000292882323,0.01910500042140484
153,fake,fake,0.0157,fear,0.9983,SPOOF,0.0005389999714680016,0.0006929999799467623,0.9983369708061218,0.00011000000085914508,4.5000000682193786e-05,0.00027600000612437725
154,fake,fake,0.0525,fear,0.982,SPOOF,0.0036879999097436666,0.005555000156164169,0.9820219874382019,0.002633000025525689,0.0008820000221021473,0.0052200001664459705
155,fake,fake,0.1451,fear,0.9378,SPOOF,0.019825000315904617,0.034320998936891556,0.9377639889717102,0.0023350000847131014,0.002322999993339181,0.003432000055909157
156,fake,fake,0.092,fear,0.919,SPOOF,0.04665699973702431,0.009459000080823898,0.9189900159835815,0.012655000202357769,0.0030060000717639923,0.009235000237822533
157,fake,fake,0.1364,fear,0.9862,SPOOF,0.0032790000550448895,0.006140999961644411,0.9862480163574219,0.0011109999613836408,0.0006210000137798488,0.0026000000070780516
158,fake,fake,0.0742,surprise,0.9012,SPOOF,0.005140000022947788,0.052705999463796616,0.009576000273227692,0.02055099979043007,0.010874000377953053,0.9011520147323608
159,fake,fake,0.0531,fear,0.9194,SPOOF,0.03504899889230728,0.02539600059390068,0.9193779826164246,0.004736999981105328,0.004770999774336815,0.01066800020635128
160,fake,fake,0.0452,fear,0.8033,SPOOF,0.10885199904441833,0.041540998965501785,0.8032529950141907,0.011172999627888203,0.013364999555051327,0.02181600034236908
161,fake,fake,0.032,fear,0.9725,SPOOF,0.011749999597668648,0.007548999972641468,0.9725189805030823,0.0018070000223815441,0.0016299999551847577,0.0047439998015761375
162,fake,fake,0.1856,fear,0.9532,SPOOF,0.01955600082874298,0.012924999929964542,0.9531750082969666,0.00355600006878376,0.0029909999575465918,0.007796999998390675
163,fake,fake,0.0807,fear,0.9879,SPOOF,0.007002000231295824,0.002615999896079302,0.9879029989242554,0.0006840000278316438,0.0003910000086762011,0.0014039999805390835
164,fake,fake,0.1183,fear,0.9882,SPOOF,0.0014860000228509307,0.0035699999425560236,0.9881579875946045,0.0019920000340789557,0.0004980000085197389,0.004296999890357256
165,fake,fake,0.2462,fear,0.9895,SPOOF,0.0015660000499337912,0.0035800000187009573,0.9895229935646057,0.0015059999423101544,0.00043799998820759356,0.003387999953702092
166,fake,fake,0.1099,fear,0.8686,SPOOF,0.09021800011396408,0.02575800009071827,0.8685759902000427,0.0042130001820623875,0.0052280002273619175,0.006008000113070011
167,fake,fake,0.1278,fear,0.8807,SPOOF,0.032701000571250916,0.014774000272154808,0.8807479739189148,0.009591000154614449,0.006029000040143728,0.05615700036287308
168,fake,fake,0.1602,fear,0.9755,SPOOF,0.0061160000041127205,0.006893999874591827,0.9754570126533508,0.0012870000209659338,0.0011950000189244747,0.009050999768078327
169,fake,fake,0.1592,fear,0.6206,SPOOF,0.14091600477695465,0.1413850039243698,0.620602011680603,0.030768999829888344,0.026822000741958618,0.03950599953532219
170,fake,fake,0.1408,disgust,0.6456,SPOOF,0.024126000702381134,0.645566999912262,0.02657799981534481,0.038676999509334564,0.02812900021672249,0.2369219958782196
171,fake,fake,0.1541,fear,0.8002,SPOOF,0.05345200002193451,0.02204200066626072,0.8001909852027893,0.011687000282108784,0.008686999790370464,0.10394100099802017
172,fake,fake,0.0356,fear,0.9811,SPOOF,0.004391999915242195,0.0014009999576956034,0.9811310172080994,0.0019039999460801482,0.000674000009894371,0.01049800030887127
173,fake,fake,0.0352,fear,0.9841,SPOOF,0.004389999900013208,0.004898999817669392,0.9840750098228455,0.0015979999443516135,0.0007820000173524022,0.004255000036209822
174,fake,fake,0.0394,fear,0.9987,SPOOF,0.00036899998667649925,0.0006360000115819275,0.9986630082130432,7.999999797903001e-05,3.600000127335079e-05,0.00021600000036414713
175,fake,fake,0.0573,surprise,0.6001,SPOOF,0.011165999807417393,0.2948260009288788,0.010254999622702599,0.03495299816131592,0.04868600144982338,0.6001139879226685
176,fake,fake,0.0462,fear,0.5934,SPOOF,0.11685600131750107,0.038805000483989716,0.5933809876441956,0.02260500006377697,0.013783999718725681,0.21456900238990784
177,fake,fake,0.0371,surprise,0.4199,SPOOF,0.03017899952828884,0.10353299975395203,0.04006899893283844,0.03316099941730499,0.373198002576828,0.41986000537872314
178,fake,fake,0.0424,sadness,0.4916,SPOOF,0.07135099917650223,0.11918199807405472,0.05183200165629387,0.05353499948978424,0.4915499985218048,0.21254900097846985
179,fake,fake,0.0715,sadness,0.5292,SPOOF,0.06390400230884552,0.11441999673843384,0.040196001529693604,0.04824100062251091,0.5291799902915955,0.20406000316143036
180,fake,fake,0.1292,disgust,0.9858,SPOOF,0.0010659999679774046,0.9858459830284119,0.0008590000215917826,0.0004039999912492931,0.0008520000264979899,0.010974000208079815
181,fake,fake,0.2662,surprise,0.267,SPOOF,0.25054800510406494,0.1635800004005432,0.05358000099658966,0.09339900314807892,0.17189499735832214,0.26699700951576233
182,fake,fake,0.3558,happiness,0.7409,SPOOF,0.04996800050139427,0.044610001146793365,0.019756000488996506,0.7409260272979736,0.07020899653434753,0.07452999800443649
183,fake,fake,0.236,happiness,0.7995,SPOOF,0.09130199998617172,0.01893099956214428,0.014446999877691269,0.7994539737701416,0.012403000146150589,0.06346400082111359
184,fake,fake,0.1456,happiness,0.9411,SPOOF,0.014798999764025211,0.006364999804645777,0.005421999841928482,0.9410520195960999,0.00317799998447299,0.029184000566601753
185,fake,fake,0.0151,disgust,0.9623,SPOOF,0.00787500012665987,0.9623259902000427,0.0028260000981390476,0.014291999861598015,0.006835999898612499,0.00584599981084466
186,fake,fake,0.1426,happiness,0.549,SPOOF,0.3731420040130615,0.015203000046312809,0.008520999923348427,0.5490239858627319,0.01139300037175417,0.04271800071001053
187,fake,fake,0.1322,happiness,0.9565,SPOOF,0.003780999919399619,0.001858999952673912,0.0025710000190883875,0.956466019153595,0.0015079999575391412,0.03381500020623207
188,fake,fake,0.404,happiness,0.9738,SPOOF,0.0043669999577105045,0.0022460001055151224,0.00171999994199723,0.9737560153007507,0.001142999972216785,0.01676899939775467
189,fake,fake,0.5166,happiness,0.9317,SPOOF,0.006333000026643276,0.00202700006775558,0.003530000103637576,0.9317200183868408,0.0016280000563710928,0.054760999977588654
190,fake,fake,0.1718,happiness,0.9565,SPOOF,0.030193999409675598,0.0015569999814033508,0.002216000109910965,0.9565460085868835,0.0017689999658614397,0.007718000095337629
191,fake,fake,0.2599,happiness,0.9749,SPOOF,0.0037609999999403954,0.0019310000352561474,0.002460000105202198,0.9749270081520081,0.0010209999745711684,0.01590000092983246
192,fake,fake,0.3692,anger,0.5861,SPOOF,0.5860679745674133,0.1243169978260994,0.03237900137901306,0.19044999778270721,0.044231999665498734,0.022552000358700752
193,fake,fake,0.1408,happiness,0.5145,SPOOF,0.31127798557281494,0.04654200002551079,0.008735000155866146,0.5145260095596313,0.019088000059127808,0.09983000159263611
194,fake,fake,0.1784,happiness,0.9474,SPOOF,0.009517000056803226,0.0020630001090466976,0.002010999945923686,0.9473609924316406,0.0026700000744313,0.03637799993157387
195,fake,fake,0.0769,happiness,0.8944,SPOOF,0.03596600145101547,0.006818000227212906,0.0026630000211298466,0.8944309949874878,0.005154000129550695,0.05496799945831299
196,fake,fake,0.0411,happiness,0.9637,SPOOF,0.008282000198960304,0.005293999798595905,0.0027570000384002924,0.9637219905853271,0.0031250000465661287,0.016820000484585762
197,fake,fake,0.1698,happiness,0.9814,SPOOF,0.0011480000102892518,0.0005890000029467046,0.0010219999821856618,0.9813600182533264,0.0005799999926239252,0.015301000326871872
198,fake,fake,0.0209,happiness,0.9385,SPOOF,0.020371999591588974,0.009372999891638756,0.003819999983534217,0.9384790062904358,0.008794999681413174,0.019161000847816467
199,fake,fake,0.0325,happiness,0.8594,SPOOF,0.045974001288414,0.036504000425338745,0.010445999912917614,0.8594059944152832,0.015546999871730804,0.03212299942970276
200,fake,fake,0.0172,surprise,0.8655,SPOOF,0.0016639999812468886,0.005179000087082386,0.0022879999596625566,0.12251199781894684,0.0028639999218285084,0.8654929995536804
